hashtags	movement
christineblaseyford	government
backfiretrump	government
kavanaughvote	government
stopkavanaugh	government
confirmjudgekavanaughnow	government
fakenationalemergency	government
kavano	government
corruptcongressfearsdemo	government
trumpcrimefamily	government
congresskilleddemocracy	government
nationalemergency	government
syriacrisis	government
trumptrain	government
3yearsofwaronyemen	government
kavanope	government
nokavanaugh	government
syrianstrikes	government
faketrumpemergency	government
kavanaughhearings	government
whatreallybugstrump	government
windmillscausecancer	government
kavanaughconfirmation	government
votenoonkavanaugh	government
prayforsiria	government
impeachtrump	government
trumpcolluded	government
trumprussia	government
fucktrump	government
cancelkavanaugh	government
brettkavanaugh	government
stormydaniels	government
syriawar	government
trumpisnotabovethelaw	government
acostaassault	government
impeachtrumpnow	government
iranprotests	government
trumpresign	government
confimkavanaughnow	government
draintheswamp	government
confirmjudgekavanaugh	government
releasethefullmuellerreport	government
needtoimpeach	government
muellerreport	government
confirmkavanaugh	government
prayforsyria	government
billbarrletters	government
greennewdeal	government
confirmkavanaughnow	government
syriastrikes	government
syriastrike	government
savescotus	government
comeymemos	government
protectmueller	government
bluewave2018	government
votebluetosaveamerica	government
votewithbeto	government
walkawayfromdemocrats2018	government
votebluetoendthisnightmare	government
votethemout2018	government
walkawayfromdemocrats	government
votedemvoteredtosaveamerica	government
votethemout	government
voteblue	government
voteblue2018	government
shundemocrats	government
bluetsunami2018	government
parklandstudentsspeak	guns
nraboycott	guns
2ndamendment	guns
parklandshooting	guns
gunviolence	guns
gunowners	guns
guncontolnow	guns
msdstrong	guns
marchforlife	guns
march4ourlives	guns
2a	guns
marchforourlivesla	guns
marchforourlivesdc	guns
endgunviolence	guns
marchforourlivesboston	guns
banassaultweapons	guns
nrabloodmoney	guns
marchforourlives	guns
guncontrolnow	guns
gunreformnow	guns
boycottnra	guns
nra	guns
guncontrol	guns
marchforourlivesnyc	guns
thousandoaksshooting	guns
gunreform	guns
gunsense	guns
youfundguns	guns
boycottnrasponsors	guns
massshooting	guns
nationalschoolwalkout	guns
marchforourlivescorvallis	guns
borderlineshooting	guns
californiashooting	guns
aca	healthcare
expofcare	healthcare
worldmentalhealthday	healthcare
mentalhealthawarenessmonth	healthcare
wenurses	healthcare
nursesactive	healthcare
medicareforall	healthcare
healthcarevoter	healthcare
unimentalhealthday	healthcare
mentalhealthishealth	healthcare
10kfornurses	healthcare
breastcancerawarenessmonth	healthcare
noborderwall	immigration
immigrantchildren	immigration
abolishice	immigration
keepfamiliestogetheract	immigration
wherearethechildren	immigration
endfamilyseparation	immigration
endfamilydetention	immigration
worldrefugeeday	immigration
heretofight	immigration
uwdcongress	immigration
dreamact	immigration
dreamactnow	immigration
familesbelongtogether	immigration
buildthewall	immigration
familiesbelongtogether	immigration
daca	immigration
trumpconcentrationcamps	immigration
keepfamiliestogether	immigration
wherearethegirls	immigration
keepfamilestogether	immigration
lgbtexcellence	lgbtq
abqpride2018	lgbtq
wethelgbt	lgbtq
yesimqueer	lgbtq
gaypride	lgbtq
lovewins	lgbtq
loveislove	lgbtq
transdayofvisibility	lgbtq
pride2018	lgbtq
happypride	lgbtq
queerpridetwitter	lgbtq
itsaqueerworld	lgbtq
pridesos	lgbtq
nycpride	lgbtq
pridepartner	lgbtq
unlimitedpride	lgbtq
lapride	lgbtq
nationalcomingoutday	lgbtq
prideparade	lgbtq
bostonpride	lgbtq
nycpride2018	lgbtq
chicagopride	lgbtq
pridemonth	lgbtq
houstonpride	lgbtq
sfpride	lgbtq
seattlepride	lgbtq
pridemonth2018	lgbtq
abqpride	lgbtq
liveproud	lgbtq
protecttranstroops	lgbtq
