keywords	movement
lgbtexcellence	lgbtq
abqpride2018	lgbtq
wethelgbt	lgbtq
yesimqueer	lgbtq
gaypride	lgbtq
lovewins	lgbtq
loveislove	lgbtq
transdayofvisibility	lgbtq
pride2018	lgbtq
happypride	lgbtq
queerpridetwitter	lgbtq
itsaqueerworld	lgbtq
pridesos	lgbtq
nycpride	lgbtq
pridepartner	lgbtq
unlimitedpride	lgbtq
lapride	lgbtq
nationalcomingoutday	lgbtq
prideparade	lgbtq
bostonpride	lgbtq
nycpride2018	lgbtq
chicagopride	lgbtq
pridemonth	lgbtq
houstonpride	lgbtq
sfpride	lgbtq
seattlepride	lgbtq
pridemonth2018	lgbtq
abqpride	lgbtq
liveproud	lgbtq
protecttranstroops	lgbtq
reclaimqueer	lgbtq
itsaqueerthing	lgbtq
lgbtqsquad	lgbtq
genderposibot	lgbtq
lisatmullin	lgbtq
wethelgbtq	lgbtq
lesbianvisibilityday	lgbtq
gaytimesmag	lgbtq
embracethelgbtq	lgbtq
diversityandinclusion	lgbtq
agender	lgbtq
transman	lgbtq
miamibeachpride	lgbtq
transwomen	lgbtq
youareloved	lgbtq
lgbtqoftwitter	lgbtq
lesbiandayofvisibility	lgbtq
lgbti	lgbtq
transwoman	lgbtq
transisbeautiful	lgbtq
lgbtqaroundtheworld	lgbtq
lgbtqia	lgbtq
lgbtqi	lgbtq
transgender	lgbtq
transvestite	lgbtq
transmen	lgbtq
transphobia	lgbtq
transphobes	lgbtq
misgendering	lgbtq
genderfree	lgbtq
lbgt	lgbtq
lbgtq	lgbtq
lesbophobia	lgbtq
lgbtqa	lgbtq
transgendertrd	lgbtq
bodyposilgbtq	lgbtq
ukblackpride	lgbtq
prideinlondon	lgbtq
genderfreeh	lgbtq
transgendered	lgbtq
homophobia	lgbtq
terfs	lgbtq
misgender	lgbtq
prideguynews	lgbtq
lgtbq	lgbtq
youareenough	lgbtq
girlslikeus	lgbtq
lgbtiq	lgbtq
transmed	lgbtq
loveislove+lovewins	lgbtq
gaypride+gaytube	lgbtq
tdov+transdayofvisibility	lgbtq
gay+pride	lgbtq
gay+gaypride	lgbtq
lgbtq+loveislove	lgbtq
lgbt+loveislove	lgbtq
happy+transdayofvisibility	lgbtq
pride+support	lgbtq
parade+pride	lgbtq
trans+transdayofvisibility	lgbtq
gay+support	lgbtq
anti+lgbt	lgbtq
community+lgbtq	lgbtq
anti+gay	lgbtq
anti+lgbtq	lgbtq
christineblaseyford	government
backfiretrump	government
kavanaughvote	government
stopkavanaugh	government
confirmjudgekavanaughnow	government
fakenationalemergency	government
kavano	government
corruptcongressfearsdemo	government
trumpcrimefamily	government
congresskilleddemocracy	government
nationalemergency	government
syriacrisis	government
trumptrain	government
3yearsofwaronyemen	government
kavanope	government
nokavanaugh	government
syrianstrikes	government
faketrumpemergency	government
kavanaughhearings	government
whatreallybugstrump	government
windmillscausecancer	government
kavanaughconfirmation	government
votenoonkavanaugh	government
prayforsiria	government
impeachtrump	government
trumpcolluded	government
trumprussia	government
fucktrump	government
cancelkavanaugh	government
brettkavanaugh	government
stormydaniels	government
syriawar	government
trumpisnotabovethelaw	government
acostaassault	government
impeachtrumpnow	government
iranprotests	government
trumpresign	government
confimkavanaughnow	government
draintheswamp	government
confirmjudgekavanaugh	government
releasethefullmuellerreport	government
needtoimpeach	government
muellerreport	government
confirmkavanaugh	government
prayforsyria	government
billbarrletters	government
greennewdeal	government
confirmkavanaughnow	government
syriastrikes	government
syriastrike	government
savescotus	government
comeymemos	government
protectmueller	government
bluewave2018	government
votebluetosaveamerica	government
votewithbeto	government
walkawayfromdemocrats2018	government
votebluetoendthisnightmare	government
votethemout2018	government
walkawayfromdemocrats	government
votedemvoteredtosaveamerica	government
votethemout	government
voteblue	government
voteblue2018	government
shundemocrats	government
bluetsunami2018	government
theresistancevotes	government
walkawaycampaign	government
yemenconflict	government
istandwithkavanaugh	government
jihadist	government
realemergencyme	government
voteredtosaveamerica2018	government
kavanaughinvestigation	government
stopkavanagh	government
robertmueller	government
bluetsunami	government
nojusticenoseat	government
greatawakening	government
lockthemallup	government
bluewaveiscoming	government
putinsbitch	government
patriotsunited	government
traitortrump	government
flpolitics	government
votered2018	government
votebetofortexas	government
trumpisamaggot	government
walkawayfromdemocratsforever	government
democratsaredangerous	government
patriotsunite	government
kavanaghhearing	government
shaminvestigation	government
muellerinvestigation	government
worstpresidentever	government
votenokavanaugh	government
fbiinvestigation	government
irannw	government
papolitics	government
cult45	government
kag2020	government
notokavanaugh	government
walkawaydemocrats2018	government
expelirandiplomatterrorists	government
kavanot	government
thegreatawakening	government
drford	government
senjonkyl	government
airstrikes	government
kavanau	government
trumpderangementsyndrome	government
believesurviviors	government
betofortx	government
nokavanaughconfirmation	government
withinsyriablog	government
redwaverising2018	government
istandwithmaryamrajavi	government
dumptrump	government
votered	government
comeymemo	government
makeamericagreatagain	government
texansforbeto	government
christineblasleyford	government
yemenwar	government
fakepresident	government
voteredsaveamerica	government
treasonoustrump	government
iranregimechange	government
cancelkanavaugh	government
comfirmjudgekavanaugh	government
gobeto	government
lockhimup	government
syrian	government
redwaverising	government
impeachment	government
ibelievechristine	government
trumpsucks	government
votethemallout	government
voteredsaveamerica2018	government
flipitblue	government
voterepublicantosaveamerica2018	government
justicebrettkavanaugh	government
maryamrajavi	government
tellmyowntruth	government
russianembassy	government
maga2018	government
votegopout	government
turntexasblue	government
donthecon	government
comfirmkavanaughnow	government
confirmbrettkavanaugh	government
votethemoutnov6th	government
kavanaughliedunderoath	government
liarinchief	government
trumptrash	government
syricide	government
stopkavanaughnow	government
ibelievesurvivors	government
kavanaughlied	government
altwrong	government
redwave	government
trumptrain2020	government
drumpf	government
goptraitors	government
kavanaughlies	government
trumptaxfraud	government
kavanaughcoverup	government
gopcorruption	government
trumpcorruption	government
mobocrats	government
impeaching	government
txpols	government
stopkavanuagh	government
yemengenocide	government
democratshateamerica	government
iraniantruckersonstrike	government
drainthedeepstate	government
senatorcollins	government
creepypornlawyer	government
confirmkavanagh	government
redtsunamicoming2018	government
freeiran	government
voteno	government
iranstrikes	government
maga2kag	government
noonkavanaugh	government
gobetogo	government
impeachable	government
votedemsout	government
trumplies	government
votebetoforsenate	government
corruptconcern	government
ibelieveher	government
webelievesurvivors	government
thamendmentnow	government
trumptreason	government
muelleriscoming	government
russiancollusion	government
stopkanavaugh	government
votethemallout2018	government
ibelievechristineblaseyford	government
resistersis20	government
jeffflake	government
supremecourtjustice	government
mobruledemocrats	government
ncpolitics	government
brettkavanagh	government
bluewavecoming2018	government
believewomen	government
grannies4equal	government
firetrumptoday	government
bluewavecoming	government
votebluetosaveamerica2018	government
confirmkavenaughnow	government
trumptraitor	government
muellertime	government
copiercollin	government
votetosaveamerica	government
teambeto	government
voterepublican	government
votebeto	government
confimkavanaugh	government
kavanaughconfirmed	government
voteoutthegop	government
voteblueandbringafriend	government
impeachkavanaugh	government
americafirst	government
maga	government
confirmbrettkavanaughnow	government
losecruz	government
aleppo	government
azpolitics	government
txpolitics	government
drchristineblaseyford	government
votebluetosaveamericandemocracy	government
trumpliesmatter	government
kag2018	government
redtsunami	government
bluewave	government
firetedcruz	government
illegitimatepresident	government
votebluenomatterwho	government
voteforbeto	government
scotuskavanaugh	government
fuckkavanaugh	government
istandwithbrettkavanaugh	government
fuckthegop	government
liberalismisamentaldisorder	government
betocruzdebate	government
confirmkavanaghnow	government
blaseyford	government
redwave2018	government
maga2020	government
votedemsout2018	government
cultureofcorruption	government
withdrawkavanaugh	government
notmypresident	government
rememberinnovember	government
trumplieseverytimehespeaks	government
istandwithbrett	government
ericarn4usa	government
redoctober	government
cancelkavanugh	government
votedem	government
betoforsenate	government
impeach45	government
resisttrump	government
betofortexas	government
teamtrumprussia	government
earlyvotetx	government
comfirmjudgekavanaughnow	government
mobrule	government
judgebrettkavanaugh	government
justicekavanaugh	government
christineford	government
corruptcong	government
beto4texas	government
trump2020	government
freeiran2018	government
votedemocrat	government
trumpcrimesyndicate	government
votebluetosavedemocracy	government
walkaway	government
believesurvivors	government
syria	government
redtsunami2018	government
smmsyria	government
freedominiran	government
brettkavanuagh	government
votedemocratsout	government
keepamericagreat	government
voteredtosaveamerica	government
25thamendmentnow	government
judgekavanaugh	government
novemberiscoming	government
alqaeda	government
wwga	government
democratsareevil	government
savedemocracy	government
unfitforoffice	government
magaveteran	government
trumptax	government
stoparmingsaudi	government
moroninchief	government
taxfraud	government
votethemoutnov	government
sentedcruz	government
khashoggimurder	government
corruptgop	government
magabomber	government
trumptaxes	government
trumprally	government
senjeffflake	government
traitorinchief	government
promisesmadepromiseskept	government
lockherup	government
voterepublican2018	government
corroborates	government
votekavanaugh	government
votetedcruz	government
avenatti4potus	government
unfitforscotus	government
jobsnotmobs	government
redwavecoming	government
kavanaught	government
choosecruz	government
votecruz	government
lisaforsenate	government
qanons	government
voteherout	government
crookedtrump	government
votedemocratic	government
brettkavenaugh	government
treasonous	government
lockthemup	government
fudgekavanaugh	government
flipthesenate	government
democratsdividinganddestroyingamerica	government
lyingted	government
criminalinchief	government
racistinchief	government
redwaverising1	government
veteransforbeto	government
voteredmidterms	government
voteforourlives	government
patriotsfight	government
orangemanbad	government
ibelievedrford	government
staymad	government
vetobeto	government
november6	government
trumpterrorist	government
corroboration	government
november6th	government
trumpisaliar	government
democratmob	government
democratmobrule	government
bestpresidentever	government
toughastexas	government
bobcorker	government
russiagate	government
timesup	government
trumpcult	government
trumpisafraud	government
idiotinchief	government
texasdebate	government
liartrump	government
drainthatswamp	government
democratmobs	government
votegop	government
fordthefraud	government
dividerinchief	government
drblaseyford	government
keeptexasred	government
votenovember6th	government
declassifyfisa	government
americansfirst	government
complicitgop	government
flipthehouse	government
gopcomplicit	government
iranian	government
islamicstate	government
putinspuppet	government
resistancerises	government
southyemen	government
spygate	government
taxreturns	government
tedcruz	government
trump2020landslide	government
trumpisamoron	government
trumptaxscam	government
unimpeachable	government
voteoutgop	government
blasey	government
corroborated	government
gazaunderattack	government
goplies	government
goptaxscam	government
illegitimate	government
iran_policy	government
israeli	government
putinpuppet	government
votepledges	government
votethegopout	government
wwg1wwga	government
backfiretrump+person	government
backfiretrump+life	government
california+potus	government
maryland+potus	government
backfiretrump+shooting	government
backfiretrump+bloodshed	government
backfiretrump+suffering	government
backfiretrump+florida	government
bloodshed+potus	government
potus+shooting	government
life+lost	government
backfiretrump+california	government
potus+texas	government
action+backfiretrump	government
illinois+potus	government
missouri+potus	government
northcarolina+potus	government
georgia+potus	government
backfiretrump+georgia	government
florida+potus	government
ohio+potus	government
backfiretrump+northcarolina	government
vote+voteblue	government
potus+suffering	government
backfiretrump+potus	government
potus+virginia	government
backfiretrump+virginia	government
indiana+potus	government
jeffflake+senatorcollins	government
bloodshed+fatal	government
jeffflake+lisamurkowski	government
senatorcollins+woman	government
senatorcollins+vote	government
backfiretrump+lost	government
maga+realdonaldtrump	government
txsen+wage	government
palmerreport	government
proudresister	government
pcas+voted	government
doggintrump	government
wga+wwg1wga	government
tedcruz+txsen	government
johncornyn	government
antifa	government
womensmarch	government
megan4maga	government
fbi+investigation	government
killed+shot	government
president+rally	government
blasey+christine	government
senorrinhatch	government
betoorourke+tedcruz	government
fbi+kavanaugh	government
investigation+kavanaugh	government
qanon	government
lindseygrahamsc+realdonaldtrump	government
michaelavenatti+realdonaldtrump	government
kavanaugh+vote	government
lisamurkowski+senatorcollins	government
michaelavenatti+senatorcollins	government
illinois+lost	government
realdonaldtrump+voteblue	government
hawaii+potus	government
parklandstudentsspeak	guns
nraboycott	guns
2ndamendment	guns
parklandshooting	guns
gunviolence	guns
gunowners	guns
guncontolnow	guns
msdstrong	guns
marchforlife	guns
march4ourlives	guns
2a	guns
marchforourlivesla	guns
marchforourlivesdc	guns
endgunviolence	guns
marchforourlivesboston	guns
banassaultweapons	guns
nrabloodmoney	guns
marchforourlives	guns
guncontrolnow	guns
gunreformnow	guns
boycottnra	guns
nra	guns
guncontrol	guns
marchforourlivesnyc	guns
thousandoaksshooting	guns
gunreform	guns
gunsense	guns
youfundguns	guns
boycottnrasponsors	guns
massshooting	guns
nationalschoolwalkout	guns
marchforourlivescorvallis	guns
borderlineshooting	guns
californiashooting	guns
boycottthenra	guns
gunrights	guns
vetsforgunreform	guns
supportthenra	guns
gunsensenow	guns
2ndamendmentrights	guns
parklandstrong	guns
commonsensegunlaws	guns
nratv	guns
schoolshooting	guns
iwillmarch	guns
waynelapierrejr	guns
greatmillshighschool	guns
wecallbs	guns
concealedcarry	guns
gunpolicy	guns
nrakillskids	guns
nraarmedcitizen	guns
floridashooting	guns
neveragainmsd	guns
enoughisenough	guns
gunsamerica	guns
notonemore	guns
neveragain	guns
hayden_kotara	guns
shannonrwatts	guns
lasvegasshooting	guns
2amendment	guns
amarch4ourlives	guns
noguncontrol	guns
defendthesecond	guns
schoolwalkoutus	guns
nraisaterroristorganization	guns
schoolshootings	guns
amarch	guns
whywemarch	guns
parklandstudents	guns
shallnotbeinfringed	guns
guncontrolnever	guns
bloodmoney	guns
ammosexuals	guns
2ashallnotbeinfringed	guns
iamthenra	guns
gunsafety	guns
studentsstandup	guns
ammunitiondepot	guns
emmagonzalez	guns
nraterrorists	guns
assaultweapons	guns
parklandschoolshooting	guns
momsrisng	guns
nrablog	guns
2adefenders	guns
jointhenra	guns
secondamendment	guns
usgunviolence6	guns
momsdemandaction	guns
repealthesecondamendment	guns
floridaschoolshooting	guns
rlivesla	guns
neveragainmovement	guns
columbine	guns
massshootings	guns
gunlaws	guns
assaultweaponsban	guns
nrakills	guns
marchforourlivessf	guns
nraila	guns
stopgunviolence	guns
comeandtakeit	guns
ndamendment	guns
kaylynpippy	guns
march4rlivesla	guns
sayhisname	guns
forparkland	guns
gunfreezone	guns
voteforourlives	guns
sandyhook	guns
whyicarry	guns
bruce_in	guns
gunssavelives	guns
gunfreezones	guns
justiceforzoe	guns
nrawhore	guns
drainthenra	guns
everything_ar15	guns
gunsplaining	guns
concealed	guns
jaelynn	guns
stephonclark	guns
whyimarch	guns
marchfolchi	guns
studentswalkout	guns
justiceforjane	guns
lockstockguns	guns
neveragainmov	guns
nyrisingvictims	guns
schoolsafety	guns
2anow	guns
ammosexual	guns
nonramoney	guns
semiautomatic	guns
amarch+ourlives	guns
davidhogg	guns
march+ourlives	guns
gun+violence	guns
emma4change	guns
march+marchforourlives	guns
life+march	guns
marchforourlives+sign	guns
control+gun	guns
marchforourlives+neveragain	guns
change+emma	guns
davidhogg111	guns
change+davidhogg	guns
change+emma4change	guns
dloesch+nra	guns
cameron_kasky	guns
amarch4ourlives+fight	guns
davidhogg+davidhogg111	guns
school+shooting	guns
gun+law	guns
kylekashuv	guns
emma+emma4change	guns
dreamgun	guns
gungiveaway	guns
winagun	guns
noborderwall	immigration
immigrantchildren	immigration
abolishice	immigration
keepfamiliestogetheract	immigration
wherearethechildren	immigration
endfamilyseparation	immigration
endfamilydetention	immigration
worldrefugeeday	immigration
heretofight	immigration
uwdcongress	immigration
dreamact	immigration
dreamactnow	immigration
familesbelongtogether	immigration
buildthewall	immigration
familiesbelongtogether	immigration
daca	immigration
trumpconcentrationcamps	immigration
keepfamiliestogether	immigration
wherearethegirls	immigration
keepfamilestogether	immigration
keepingfamiliestogether	immigration
securetheborder	immigration
childrensconcentrationcamps	immigration
noamnesty	immigration
nodaca	immigration
freethechildren	immigration
immigrants	immigration
separatingfamilies	immigration
trumpconcentrationcamp	immigration
occupyicenyc	immigration
illegalimmigrants	immigration
stopseparatingfamilies	immigration
reunitefamiliesnow	immigration
immigrationreform	immigration
childrenincages	immigration
refugeeschief	immigration
wherearethebabies	immigration
borderwall	immigration
stopseparation	immigration
familyseparation	immigration
helprefugees	immigration
trumpandthebabysnatchers	immigration
endchainmigration	immigration
gestapo	immigration
wherearethechidren	immigration
unhcr	immigration
refugeeweek	immigration
migrantchildren	immigration
trumpsconcentrationcamps	immigration
refugeesmedia	immigration
illegalalien	immigration
illegals	immigration
familiesbelong	immigration
trumpcrimesagainsthumanity	immigration
lifeofrefugees	immigration
withrefugees	immigration
dreamers	immigration
concentrationcampsforkids	immigration
wherearethetoddlers	immigration
immigrati	immigration
familiesbelongtogther	immigration
keepingfamiliestogetheract	immigration
occupyicepdx	immigration
illegalaliens	immigration
nazisinthewhitehouse	immigration
amnesty	immigration
bordersecurity	immigration
occupyice	immigration
unrefugeeagency	immigration
abolishcbp	immigration
refugeeday	immigration
immigrationlaw	immigration
immigra	immigration
illegalimmigration	immigration
americansfirst	immigration
refugeesintl	immigration
noamnestyever	immigration
refugees	immigration
freeourfuture	immigration
keepfamliestogether	immigration
immigr	immigration
unhcruk	immigration
buildthedamnwall	immigration
returnthechildren	immigration
refugeeswelcome	immigration
borderchildren	immigration
familiesbelongtogetheract	immigration
trumpconcentrationcampsforkids	immigration
singlestagingareanow	immigration
s3036	immigration
deportthemall	immigration
trumpskidnappingchildren	immigration
reunitethefamilies	immigration
openborders	immigration
buildthewallnow	immigration
deport	immigration
buildthatwall	immigration
americafirst	immigration
worldrefugeeday2018	immigration
unhcrusa	immigration
defundhate	immigration
refugee	immigration
enddaca	immigration
concentrationcamps	immigration
zerotolerance	immigration
asylumseekers	immigration
kidsincages	immigration
angelfamilies	immigration
fuckice	immigration
amnestyusa	immigration
lgbtrefugees	immigration
unrefugees	immigration
migrants	immigration
stopice	immigration
legals	immigration
unmigration	immigration
zerotolerancepolicy	immigration
sendthemback	immigration
kakuma	immigration
bordercrisis	immigration
migrantcrisis	immigration
tenderageshelters	immigration
babyjails	immigration
borderpatrol	immigration
deportation	immigration
deported	immigration
deporting	immigration
illegally	immigration
resettlement	immigration
reunitefamilies	immigration
safepassageuk	immigration
sanctuarycities	immigration
undocumented	immigration
babysnatchers	immigration
childrenunderattack	immigration
displacement	immigration
illegall	immigration
migration	immigration
rohingya	immigration
rohingyacrisis	immigration
trumpchildabuse	immigration
trumpisamonster	immigration
familiesbelongtogether+letter	immigration
buildthewall+maga	immigration
wherearethebabies+wherearethegirls	immigration
separation	immigration
separation+trump	immigration
border+trump	immigration
executive+separation	immigration
family+trump	immigration
migrant+separation	immigration
border+family	immigration
administration+separation	immigration
internment	immigration
familiesbelongtogether+openletterbot	immigration
border+separated	immigration
parent+separated	immigration
camp+refugee	immigration
patrol	immigration
border+parent	immigration
family+separation	immigration
concentration+trump	immigration
camp+trump	immigration
center+immigrant	immigration
agent+patrol	immigration
camp+concentration	immigration
family+reunite	immigration
policy+separation	immigration
border+separating	immigration
immigrant+trump	immigration
family+separating	immigration
illegal+immigrant	immigration
savethechildren	immigration
crisis+refugee	immigration
refugee+syrian	immigration
pridehouston	lgbtq
pride_site	lgbtq
pridestl	lgbtq
juneisforqueers	lgbtq
genderfluid	lgbtq
prideday	lgbtq
lgbtqpride	lgbtq
happypridemonth	lgbtq
transmarch	lgbtq
phillypride	lgbtq
wickedproud	lgbtq
queersaroundtheworld	lgbtq
gaypride2018	lgbtq
nycprideparade	lgbtq
gaypridemonth	lgbtq
areyouwithus	lgbtq
transpride	lgbtq
lgbtproud	lgbtq
itspridemonthbitches	lgbtq
prideto	lgbtq
genderqueer	lgbtq
prideweekend	lgbtq
pridematters	lgbtq
pridenyc	lgbtq
nonbinary	lgbtq
lgbtq	lgbtq
prideweek	lgbtq
nashvillepride	lgbtq
nycpridemarch	lgbtq
prideedinburgh	lgbtq
bipride	lgbtq
dcpride	lgbtq
lgbtpridemonth	lgbtq
capitalpride	lgbtq
comingout	lgbtq
lgbtpride	lgbtq
torontopride	lgbtq
representationmatters	lgbtq
sfpride2018	lgbtq
pridefest	lgbtq
mkepride	lgbtq
columbuspride	lgbtq
stpetepride	lgbtq
cishets	lgbtq
capitalpridedc	lgbtq
asexuals	lgbtq
pansexuality	lgbtq
pridetoronto	lgbtq
month+pride	lgbtq
happy+pridemonth	lgbtq
loveislove+pride	lgbtq
month+pridemonth	lgbtq
lgbtq+pridemonth	lgbtq
lgbt+pridemonth	lgbtq
pride+pride2018	lgbtq
happy+pride2018	lgbtq
happy+pride	lgbtq
pride2018+pridemonth	lgbtq
gay+pridemonth	lgbtq
celebrate+pridemonth	lgbtq
pride+pridemonth	lgbtq
pridemonth+pridemonth2018	lgbtq
lgbt+month	lgbtq
celebrate+pride	lgbtq
gay+month	lgbtq
lgbt+pastel	lgbtq
homophobic	lgbtq
1776stonewall+stonewall	lgbtq
lgbtq+support	lgbtq
bisexual+support	lgbtq
add+pride	lgbtq
lgbt+support	lgbtq
flag+pride	lgbtq
community+lgbt	lgbtq
lgbt+pride	lgbtq
pastel+pride	lgbtq
bisexual+pride	lgbtq
pride+weekend	lgbtq
endtheoligarch	government
deepstatecorruption	government
ocasio2018	government
rethuglicans	government
teamstormy	government
trumpisguilty	government
treasontower	government
usa4trump	government
pleasethink1776	government
kavanaughscotus	government
trumpconspired	government
ourrevolution	government
trumpknew	government
yemencantwait	government
syrianarmy	government
yemeni	government
drainingtheswamp	government
vote2018	government
trumprussiaconspiracy	government
4freedominiran2	government
unindictedcoconspirator	government
foxnewsisfaken2	government
walkawaynow	government
saveamerica	government
walkawaymovement	government
fakepresidenttrump	government
swampytrump	government
impea	government
sensusancollins	government
deplorable	government
treasonsummit	government
roevwade	government
quaker4change	government
impeach	government
votebluenow	government
senrobportman	government
trumpisaracist	government
scotuspick	government
putinspuppets	government
whataretheyhiding	government
untoldpositivetrumpnews	government
rudygiuliani	government
airstrike	government
blockbrett	government
liberalismisamentaldisease	government
syrian_uruk	government
trumptrainonly	government
protectingtrump	government
usembassysyria	government
blockkavanaugh	government
indicting	government
deepstate	government
obstructionofjustice	government
redfored	government
releasetherecords	government
saveourdemocracy	government
indictment	government
muelleriscomingforyou	government
votersuppression	government
impeachmentnow	government
letsmakanewdeal	government
muellerwitchhunt	government
trumpistheenemyofthepeople	government
impeachtrumpandpencenow	government
thugstrump	government
ukforsyria	government
senbobcorker	government
repdavid	government
voteblueforamerica	government
sencorygardner	government
uksyriarep	government
tomperez	government
saveroe	government
wwg1wga	government
kavanaughs	government
impeachm	government
islamicregimemustgo	government
savescotusnow	government
trumpputin	government
noscotusvote	government
mccaskilloffice	government
lisamurkowski	government
warcrimes	government
gorsuch	government
russianembassyc	government
traitortrumpistheenemyofthepeople	government
2018midterms	government
trumptweets2020	government
uniteforjustice	government
25thamendment	government
nomadcovfefe	government
akpabio	government
robertmuellerr	government
fascist	government
rohingya	government
impeached	government
syriacivildef	government
nomoretrumps	government
muellerprobe	government
tweetingyarnie	government
sentoomey	government
joenelly35	government
azred65	government
fascism	government
registertovote	government
whatsatstake	government
trumprussiacollusion	government
trumpsmagacrew	government
nohearings	government
nocollusion	government
fbicorruption	government
royblunt	government
israelicrimes	government
truthisnttruth	government
repdonbacon	government
trumpissooutoftouchthat	government
uniteblue	government
senbillcassidy	government
witchhunt	government
votingrights	government
paperballotsnow	government
trumpgate	government
indicttrump	government
bensasse	government
senatorshaheen	government
perjurytrap	government
treasonousbastard	government
votedemout	government
corygardner	government
trumpracist	government
randpaul	government
trumpisatraitor	government
deepstatecabal	government
qanonpatriots	government
steeledossier	government
putinspoodle	government
kavanaughforscotus	government
russiacollusion	government
treasontrump	government
texanfortrump	government
republicons	government
25thamendtrump	government
illegitimatepotus	government
senbobcasey	government
marthamcsally	government
riseupforroe	government
treasonousgop	government
protectourvotes	government
racisttrump	government
saadforcongress	government
locktrumpup	government
dumptrumpspace	government
votesaveamerica	government
firemueller	government
ghouliani	government
gopbastards	government
antifaterrorists	government
flipthe	government
itsmuellertime	government
muellerknows	government
mccaskill4mo	government
trumpwhine	government
murkowski	government
trumpgot2go	government
getoutthevote	government
rodrosenstein	government
truthistruth	government
jeffsessions	government
nottooyoungtorun	government
clintoncrimefamily	government
govote	government
guiltypeopleproblems	government
servergate	government
obamagate	government
crookedhillary	government
stop_bombing_yemenis	government
libcrib	government
teamtrumpusa	government
bernie2020	government
buildthedamnwall	government
buildthewallnow	government
coconspirator	government
gettingtrump	government
goptreason	government
inecnigeria	government
iwillvote	government
leftwardswing	government
lyingtrump	government
resistrevote	government
sendonnelly	government
thejusticedept	government
trumpsarenazis	government
bengazi	government
countryoverparty	government
nodaca	government
putinsapprentice	government
repdavejoyce	government
repdavidyoung	government
repdlamborn	government
repdougcollins	government
republicanswine	government
sonnyundercover	government
lost+pennsylvania	government
lost+missouri	government
pennsylvania+potus	government
life+potus	government
potus+violence	government
lost+texas	government
arizona+potus	government
lost+ohio	government
killed+potus	government
backfiretrump+ohio	government
illinois+life	government
backfiretrump+newjersey	government
backfiretrump+texas	government
impeachtrump+realdonaldtrump	government
life+virginia	government
job+potus	government
oklahoma+potus	government
backfiretrump+louisiana	government
kansas+potus	government
backfiretrump+missouri	government
life+southcarolina	government
georgia+life	government
life+michigan	government
potus+southcarolina	government
lost+potus	government
life+maryland	government
backfiretrump+violence	government
lost+tennessee	government
backfiretrump+tennessee	government
michigan+potus	government
lost+northcarolina	government
potus+tennessee	government
california+lost	government
maga+trump	government
fatal+potus	government
kag+maga	government
bloodshed+shooting	government
indicted	government
wga+wwg	government
dannyoconnor	government
erictrump	government
impeachment+trump	government
bloodshed+missouri	government
giuliani+rudy	government
fatal+missouri	government
shooting+suffering	government
lindseygrahamsc	government
grahamledger	government
brett+kavanaugh	government
court+supreme	government
aca	healthcare
expofcare	healthcare
worldmentalhealthday	healthcare
mentalhealthawarenessmonth	healthcare
wenurses	healthcare
nursesactive	healthcare
medicareforall	healthcare
healthcarevoter	healthcare
unimentalhealthday	healthcare
mentalhealthishealth	healthcare
10kfornurses	healthcare
breastcancerawarenessmonth	healthcare
colorectalcancer	healthcare
mentalhealtham	healthcare
suicideprevention	healthcare
balancecancer	healthcare
fiercehealth	healthcare
preexisting	healthcare
suicideawareness	healthcare
wecypnurses	healthcare
medicare4all	healthcare
womenshealth	healthcare
natunivhealthus	healthcare
healthcareforall	healthcare
mentalhealthawareness	healthcare
medicaid	healthcare
mentalillness	healthcare
endthestigma	healthcare
bipolardisorder	healthcare
brainawarenessweek	healthcare
breastcancer	healthcare
eatingdisorders	healthcare
singlepayer	healthcare
socialprescribingday	healthcare
globalhealth	healthcare
colorectalcancerawarenessmonth	healthcare
obamacare	healthcare
mentalhealthmatters	healthcare
endcancer	healthcare
nursingfordotme	healthcare
breastcancernow	healthcare
socialprescribing	healthcare
endometriosisawarenessmonth	healthcare
cancersurvivor	healthcare
cancerawareness	healthcare
allonmedicare	healthcare
naturalhealth	healthcare
nottshealthcare	healthcare
studentmindsorg	healthcare
westudentnurse	healthcare
stopthestigma	healthcare
endometriosisuk	healthcare
worldbipolarday	healthcare
itsoknottobeok	healthcare
epilepsy	healthcare
beatcancer	healthcare
sleepawarenessweek	healthcare
patientsafety	healthcare
healthfdn	healthcare
cervicalcancer	healthcare
stopsuicide	healthcare
lungcancer	healthcare
protectourcare	healthcare
healthforall	healthcare
ruralhealth	healthcare
dsam4a	healthcare
fightcrc	healthcare
sicknotweak	healthcare
telehealth	healthcare
americancancer	healthcare
cancerresearch	healthcare
hysterectomy	healthcare
berniesanders+medicareforall	healthcare
medicareforall+support	healthcare
aca+trump	healthcare
aca+gop	healthcare
medicareforall+singlepayer	healthcare
medicareforall+repjayapal	healthcare
aca_realtalk	healthcare
aca+realdonaldtrump	healthcare
aca+obamacare	healthcare
greennewdeal+medicareforall	healthcare
medicare+medicareforall	healthcare
mental+student	healthcare
bernie+medicareforall	healthcare
bernie2020+medicareforall	healthcare
healthcare+medicareforall	healthcare
aca+healthcare	healthcare
cut+medicaid	healthcare
obamacare+trump	healthcare
democrat+obamacare	healthcare
expansion+medicaid	healthcare
medicare+trump	healthcare
health+obamacare	healthcare
mhealth	healthcare
digitalhealth	healthcare
medicaid+medicare	healthcare
moneyhealthf	healthcare
wearorange	guns
alfonso_cal	guns
parkland	guns
gunrightsd	guns
usacarry	guns
csgv	guns
2ndamendmentb	guns
gunrightsf	guns
annapolisshooting	guns
2ndamendmentd	guns
endgunvioience	guns
supportnraila	guns
gunrightsupdate	guns
nora4usa	guns
americanriflesa	guns
2ndamendmentc	guns
momsdemand	guns
gunrightsc	guns
ourlives	guns
fred_guttenberg	guns
gunrightsa	guns
gunrightsb	guns
bradybuzz	guns
usacarryaa	guns
amberniblock	guns
adefenders	guns
gunvideos	guns
awrhawkins	guns
firearms	guns
americanriflesc	guns
gagnoguns	guns
nwfirearms	guns
stonemandouglas	guns
gunrightse	guns
gunsensebuyers	guns
mfolny	guns
sandyhookcenter	guns
unarmed	guns
youthoverguns	guns
maga+nra	guns
anti+gun	guns
2a+tacticalshopper	guns
2a+guns	guns
2a+nra	guns
2a+nuuzfeed	guns
2a+maga	guns
2a+prolife	guns
davidhogg111+nra	guns
davidhogg+nratv	guns
florida+shooting	guns
classicfirearm+gungiveaway	guns
ar15+gungiveaway	guns
potus+shooting	guns
backfiretrump+shooting	guns
killed+texas	guns
life+shooting	guns
gungiveaway+themed	guns
ar15+classicfirearm	guns
bloodshed+suffering	guns
bloodshed+fatal	guns
fatal+suffering	guns
tedcruz	guns
fatal+shooting	guns
nravikki	guns
nra+shannonrwatts	guns
gungiveaway+winagun	guns
nra+realdonaldtrump	guns
istandwithice	immigration
unicefusa	immigration
abolishicesatx	immigration
standwithice	immigration
abolish	immigration
occupyicesf	immigration
occupyicela	immigration
supportice	immigration
reuniteeverychild	immigration
noborders	immigration
crimesagainsthumanity	immigration
occupyicephl	immigration
occupyicelou	immigration
encampment	immigration
buildthewall+realdonaldtrump	immigration
icegov	immigration
realdonaldtrump+wherearethechildren	immigration
illegals+law	immigration
democrat+illegals	immigration
border+wall	immigration
ice+icegov	immigration
alien+illegal	immigration
breakthestigma	healthcare
mhfaengland	healthcare
curestigma	healthcare
mhaw	healthcare
mentalhealthawarnessweek	healthcare
keeptalkingmh	healthcare
stnurseproject	healthcare
mentalhealth	healthcare
trumpcare	healthcare
sexualhealth	healthcare
dentalhealth	healthcare
internationalnursesday	healthcare
mhaw18	healthcare
mentalhealthmonth	healthcare
mentalhealthawarenessweek	healthcare
mentalhealthweek	healthcare
opioid	healthcare
endstigma	healthcare
illness+mentalhealthishealth	healthcare
illness+judgment	healthcare
issue+mentalhealth	healthcare
depression+mentalhealth	healthcare
obamacare+realdonaldtrump	healthcare
mental+mentalhealthishealth	healthcare
deserves+mental	healthcare
mental+mentalhealth	healthcare
mentalhealth+mentalhealthawarenessweek	healthcare
judgment+mentalhealthishealth	healthcare
illness+treated	healthcare
mental+treated	healthcare
deserves+treated	healthcare
illness+mental	healthcare
awareness+health	healthcare
health+public	healthcare
deserves+illness	healthcare
